Actual,Predicted
500001.0,483020.6
162500.0,221708.09
204600.0,205706.0
159700.0,170623.0
184000.0,212497.0
151900.0,164798.0
104900.0,114046.0
500001.0,434144.28
367400.0,280961.03
346500.0,258439.07
337000.0,408649.28
59200.0,69340.0
212500.0,270996.0
274600.0,266551.0
227100.0,235190.0
115800.0,124375.0
97600.0,92847.0
85500.0,96797.0
337400.0,338403.03
366200.0,374039.09
219700.0,197371.0
279900.0,296512.0
230800.0,204461.0
59100.0,64569.0
89300.0,112824.0
67200.0,69609.0
293800.0,312614.03
162100.0,170627.0
91700.0,78535.0
145600.0,137369.0
175900.0,172992.0
116300.0,102704.0
167900.0,143769.0
96600.0,87371.0
60800.0,60508.0
411900.0,369103.04
135300.0,131954.0
235500.0,230648.01
80600.0,90272.0
318800.0,321848.1
171900.0,243299.0
338600.0,332238.0
195200.0,201521.0
267700.0,343277.07
228900.0,209523.0
163900.0,169949.0
75000.0,114519.0
153100.0,162601.0
95300.0,110847.0
325700.0,315238.04
66300.0,103838.0
93800.0,83735.0
350000.0,401855.3
248900.0,191612.0
500001.0,500001.0
170100.0,170020.0
346800.0,416778.18
208000.0,193861.0
435700.0,392079.02
164400.0,146818.0
142600.0,158066.0
500001.0,480113.76
294100.0,277497.0
349600.0,343110.01
209200.0,172156.0
147200.0,143441.0
55000.0,167270.15
180800.0,160382.0
162900.0,208084.0
397000.0,493373.93
373400.0,299143.0
255900.0,282006.0
193700.0,204671.0
149700.0,151247.0
421600.0,465497.53
174800.0,178614.0
154200.0,140976.0
178400.0,158168.0
185400.0,237486.0
51600.0,56487.0
150400.0,169109.0
279900.0,201255.0
182100.0,173782.0
73100.0,84754.0
331500.0,314996.0
361900.0,203743.0
238300.0,243766.01
169800.0,230589.02
500001.0,335168.18
213000.0,215865.0
84800.0,105520.0
290000.0,330376.21
180000.0,190807.0
97200.0,107360.0
73800.0,70807.0
150700.0,178050.0
128000.0,114408.0
165100.0,175792.01
101400.0,112595.0
432800.0,394599.09
215200.0,263338.08
225600.0,179777.0
173800.0,235836.02
71300.0,82306.0
276600.0,268406.0
395300.0,334745.03
53400.0,58937.0
158200.0,165846.0
193800.0,208418.0
271300.0,274751.01
67800.0,73863.0
183000.0,175886.0
81100.0,99174.0
92400.0,136067.0
161000.0,143221.0
70600.0,72802.0
110300.0,77821.0
312300.0,263093.02
336300.0,398523.32
126100.0,124625.0
296100.0,314265.01
100400.0,99761.0
283600.0,237187.0
213200.0,269852.0
128600.0,115764.0
130000.0,125712.0
241900.0,251978.0
111500.0,123511.0
197100.0,211893.01
69800.0,99320.0
240800.0,225222.01
304700.0,351553.03
188800.0,192386.0
500001.0,499831.99
48000.0,53903.0
112500.0,65605.0
140600.0,87657.0
101300.0,106148.0
112500.0,155439.0
177000.0,113629.0
181900.0,154602.0
56100.0,57000.0
327500.0,285653.0
265500.0,235956.01
60500.0,66520.0
126000.0,117821.0
500001.0,498570.98
500001.0,491593.45
297300.0,285234.0
446600.0,445279.32
330900.0,324346.01
185000.0,226031.0
293900.0,218472.01
61900.0,76169.98
183100.0,170769.0
55000.0,80072.0
105000.0,120628.0
127500.0,181762.0
107000.0,90288.0
132500.0,126865.0
446900.0,426353.07
500001.0,434850.45
70800.0,117552.0
177400.0,284221.06
500001.0,489236.83
174200.0,196721.0
238900.0,227287.0
76600.0,82515.0
240400.0,299056.02
134900.0,127964.0
112500.0,73477.0
192700.0,191537.0
226800.0,210404.0
142400.0,137053.0
70100.0,69027.0
73700.0,72227.0
123100.0,159041.0
117000.0,130150.0
153600.0,185560.0
74800.0,75361.0
236500.0,229598.01
260400.0,236573.0
92800.0,118753.0
112500.0,327681.35
165300.0,172426.0
101500.0,100804.0
42600.0,57944.0
86900.0,104627.0
86700.0,102023.0
342900.0,310525.05
153600.0,158385.0
247000.0,153110.0
72500.0,77390.0
183300.0,189713.1
170600.0,221922.02
266300.0,263275.0
225700.0,312875.02
237500.0,244909.0
321100.0,347634.0
170200.0,170342.0
218300.0,330874.03
52000.0,61389.0
115000.0,139952.0
112500.0,99942.0
61500.0,63442.0
164600.0,177922.0
266700.0,291987.01
94500.0,98992.0
237000.0,218586.0
105700.0,174737.0
225000.0,213596.0
187300.0,237110.01
500001.0,498941.98
202800.0,262041.02
500001.0,341725.1
84700.0,91498.0
55600.0,81124.0
189600.0,216634.0
172900.0,184855.02
337200.0,143006.0
228900.0,339161.03
74100.0,126592.0
108600.0,99116.0
192900.0,225043.0
169700.0,180313.0
339400.0,217082.0
216600.0,187859.0
500001.0,305360.04
138000.0,189764.0
322800.0,306908.16
456300.0,307217.05
187500.0,178167.0
63400.0,65970.0
74600.0,70355.0
205600.0,164563.0
355800.0,378228.2
246900.0,238595.0
101400.0,111177.0
209700.0,245442.0
325800.0,347581.05
142600.0,148662.0
167500.0,131458.0
149000.0,148412.0
138100.0,176780.0
187300.0,200319.02
327300.0,338338.04
400000.0,445126.44
214700.0,207118.0
123900.0,98565.0
212900.0,245840.0
244800.0,242587.01
59800.0,88022.0
314200.0,334469.04
115200.0,125440.0
500001.0,396146.09
345700.0,286265.08
299100.0,289234.0
150000.0,189623.0
178100.0,182336.0
250200.0,243119.0
225000.0,231763.0
137500.0,130125.0
238700.0,257729.0
268400.0,251248.0
158900.0,188695.0
477300.0,456537.48
90800.0,80481.0
169800.0,243343.01
109100.0,150838.0
153900.0,168860.0
133100.0,209003.02
234100.0,239468.01
177500.0,140624.0
204100.0,221287.0
161600.0,153838.0
225000.0,262334.03
74100.0,72933.0
137400.0,154788.0
93200.0,83589.0
330000.0,449607.59
174500.0,174636.0
232900.0,247972.01
114400.0,133822.0
95000.0,110489.0
183300.0,182868.0
182600.0,106404.0
201300.0,164395.0
234800.0,243133.0
210900.0,168364.0
395500.0,258795.0
113600.0,152494.0
114900.0,132398.0
195300.0,207185.0
401000.0,368780.21
171400.0,186580.0
277300.0,313181.06
359600.0,340274.06
199400.0,266301.01
227800.0,254383.0
279100.0,233749.01
265300.0,367907.34
296400.0,289189.0
366800.0,347873.03
60400.0,58557.0
341800.0,375649.17
222400.0,216069.0
168800.0,186021.0
146900.0,130716.0
80300.0,80702.0
96000.0,73765.0
340500.0,375535.1
82100.0,90835.0
210700.0,179081.03
59300.0,65178.0
261000.0,288303.0
64000.0,74502.0
351400.0,436663.49
240900.0,260558.0
409600.0,473413.66
105800.0,115413.0
135500.0,165700.0
190200.0,274691.07
202300.0,223849.0
166700.0,221277.01
70500.0,82874.0
376100.0,365692.1
113900.0,115087.0
318600.0,349509.01
140000.0,144768.0
198600.0,193205.0
302100.0,242566.0
61000.0,88936.99
135400.0,194548.0
129800.0,160719.0
110200.0,105000.0
232200.0,253682.08
99800.0,108709.0
130400.0,133038.0
223100.0,174417.0
500001.0,500001.0
70100.0,93536.0
217100.0,230935.0
157300.0,151698.0
244800.0,261475.05
224200.0,215082.0
92400.0,125836.0
202800.0,201475.0
68300.0,173118.0
159700.0,266079.04
87000.0,102749.0
70300.0,92283.0
500001.0,324153.2
142200.0,168863.0
64500.0,71695.0
319400.0,337841.07
164100.0,123775.0
188500.0,194112.0
162500.0,140978.0
167800.0,196414.0
368900.0,352690.03
106400.0,119490.0
252900.0,248226.0
219900.0,277732.08
235400.0,268270.0
223700.0,225722.0
114200.0,155995.0
176900.0,176323.0
170400.0,148179.0
196400.0,244120.0
281700.0,296725.03
69700.0,73763.0
194400.0,190670.0
125400.0,146324.0
71500.0,110969.0
84400.0,112399.0
259900.0,245861.0
318500.0,397275.02
176000.0,159403.0
341200.0,212122.03
185700.0,194835.01
500001.0,359460.18
337500.0,426931.33
95900.0,93271.0
105000.0,88261.0
162500.0,206230.0
74300.0,117983.01
330200.0,349402.0
89400.0,103273.0
152500.0,204551.0
80300.0,106388.01
122500.0,123956.0
258500.0,257745.02
225000.0,296412.13
198600.0,215888.0
287500.0,343928.17
331100.0,381448.13
121300.0,122016.0
270000.0,241952.0
96800.0,109545.0
500001.0,433493.32
261800.0,259624.0
211000.0,242734.0
83900.0,91175.0
119600.0,162058.0
44000.0,61345.0
195800.0,170674.0
267700.0,263523.0
110400.0,118764.0
305000.0,359418.06
367100.0,192556.0
156100.0,144250.0
148000.0,97494.0
82300.0,90571.0
268800.0,200563.0
168300.0,181757.0
100000.0,148536.0
162700.0,171171.0
113900.0,152368.0
253800.0,310389.01
355900.0,419151.25
129300.0,149564.0
93800.0,112070.0
87500.0,248590.0
141400.0,172998.0
153100.0,194409.0
118800.0,149344.01
156300.0,123559.0
187500.0,192943.0
141900.0,116550.0
340400.0,248934.0
159900.0,213606.0
238900.0,238848.02
168800.0,144264.0
150600.0,167550.0
183000.0,217413.1
269300.0,218346.02
238800.0,230404.0
335600.0,312373.0
168600.0,165132.0
129500.0,150511.0
185100.0,341896.08
172200.0,160065.0
156100.0,157310.0
218300.0,232070.0
213500.0,166633.0
187500.0,189063.0
245800.0,212490.0
336100.0,348777.06
48500.0,54252.99
109600.0,129370.0
195100.0,223343.02
115600.0,132115.0
92500.0,70423.0
98000.0,120240.0
195000.0,209958.0
277700.0,374977.05
178000.0,178445.0
217100.0,194209.0
70500.0,81382.0
64900.0,93161.0
309300.0,277664.02
187800.0,210690.0
500001.0,394054.04
175200.0,155900.0
50500.0,72838.0
475000.0,311218.14
352100.0,246998.02
304100.0,278494.02
334800.0,269262.0
217100.0,230427.0
184700.0,203532.0
325000.0,339494.09
190300.0,286489.0
94300.0,91481.0
118400.0,89451.0
61500.0,79932.0
500001.0,500001.0
500001.0,493185.91
216900.0,155714.0
210300.0,225316.0
500001.0,448915.47
222800.0,215003.0
72400.0,76548.0
268500.0,313684.0
393800.0,337199.03
59000.0,58284.0
264800.0,303770.02
90400.0,109176.0
130300.0,82445.0
121000.0,118735.0
71400.0,93640.0
414700.0,462818.51
55500.0,61210.0
82100.0,117900.0
248900.0,284945.01
227900.0,258581.0
114600.0,140411.0
160200.0,147858.0
174200.0,222965.0
266400.0,302545.01
261500.0,277022.0
183300.0,193615.0
214600.0,210737.0
162200.0,166501.0
159200.0,184909.0
375000.0,197792.04
216000.0,229855.0
85700.0,89147.99
190600.0,217250.0
81100.0,79878.0
112500.0,147260.0
218800.0,130158.0
99700.0,148304.0
88900.0,97886.0
60800.0,62602.0
500001.0,269839.03
62400.0,61033.0
126600.0,106327.0
215300.0,167236.0
98500.0,143564.0
199600.0,180067.0
311700.0,338214.0
224600.0,241218.0
170000.0,166637.0
282400.0,364079.18
340400.0,318769.08
109300.0,105811.0
155500.0,149629.0
432500.0,431361.37
65800.0,69277.0
185300.0,190560.0
260900.0,257279.0
500001.0,498353.94
157500.0,223378.0
229700.0,232832.01
241800.0,220470.0
197700.0,192077.0
120100.0,176285.0
293700.0,259680.0
138200.0,232873.0
218600.0,298985.04
111400.0,128040.0
437100.0,405039.09
92300.0,88467.0
412700.0,366643.2
79200.0,77484.0
237300.0,237138.0
230900.0,261066.0
72000.0,120190.0
228500.0,269358.0
170700.0,159240.0
275000.0,214850.01
100000.0,244054.05
189900.0,196796.0
177900.0,193239.0
400000.0,358859.22
152900.0,160334.0
500001.0,445854.61
485300.0,435454.4
116700.0,114829.0
55300.0,56683.0
142100.0,151509.0
244400.0,153407.0
53000.0,58482.0
500001.0,497649.94
138500.0,131290.0
70800.0,71895.0
500001.0,468480.68
128100.0,220225.0
83300.0,81119.0
141300.0,202088.0
232700.0,230571.0
400000.0,304935.0
336500.0,337395.0
196900.0,150789.0
426500.0,395101.01
500001.0,478954.37
500001.0,420344.18
77100.0,74594.0
173000.0,323287.3
217900.0,183047.0
112800.0,124635.0
275000.0,271769.01
373400.0,289652.17
55000.0,312667.06
87500.0,61079.97
96800.0,111037.0
145200.0,125251.0
152900.0,221679.0
187500.0,254919.07
311700.0,271879.0
251800.0,252178.01
251100.0,330031.11
160800.0,165191.0
168800.0,201413.01
162500.0,249196.1
176000.0,164382.0
125000.0,103966.0
183800.0,201258.02
70900.0,78916.0
103900.0,120054.0
134100.0,159719.0
73800.0,161550.01
193200.0,179123.0
162500.0,127911.0
70000.0,73785.0
159600.0,163287.0
233100.0,195177.0
143400.0,93141.0
247700.0,266836.0
326700.0,322593.0
120100.0,132026.0
148000.0,127929.0
113500.0,156891.0
154200.0,201466.0
157700.0,152855.0
212500.0,252766.03
192600.0,289945.03
445700.0,365230.04
81300.0,115178.0
111500.0,144114.0
189300.0,212645.0
229400.0,218934.0
275000.0,410831.14
202800.0,209755.0
93500.0,79512.0
269300.0,301408.0
106300.0,121466.0
225600.0,146349.0
94100.0,75754.0
51800.0,63260.0
495600.0,495511.91
175000.0,191106.07
195200.0,223013.0
224200.0,242444.01
193400.0,224797.02
250000.0,139585.0
62000.0,69312.0
337300.0,334763.03
139400.0,169942.01
275000.0,299421.13
242600.0,370768.03
225900.0,200947.0
329200.0,235929.01
100000.0,69619.0
138100.0,133749.0
431000.0,427418.28
113600.0,119421.0
224100.0,217061.0
225000.0,254463.04
223100.0,223828.0
193800.0,209562.0
164600.0,152811.0
78600.0,86324.0
169300.0,185747.08
316100.0,263246.06
172100.0,204912.0
81000.0,94172.0
368000.0,414187.22
114800.0,127014.0
187500.0,113994.0
500001.0,348276.09
162500.0,173794.01
238900.0,241987.01
51200.0,59665.0
146900.0,152620.0
257200.0,242331.0
170100.0,179584.0
285400.0,330158.0
288800.0,348982.01
57100.0,54197.0
100000.0,117278.0
183900.0,205334.0
140100.0,109375.0
162500.0,158810.0
82800.0,85281.0
172400.0,181839.0
198100.0,171504.06
73300.0,73138.99
225000.0,198498.0
286800.0,225913.01
153800.0,159453.03
59400.0,72030.0
378300.0,394632.05
131000.0,136403.0
190900.0,225945.0
179900.0,180881.0
181300.0,109565.0
500001.0,487089.75
260700.0,291848.03
375300.0,358833.03
139700.0,197811.0
132100.0,141708.0
246200.0,218474.0
128800.0,154417.0
253300.0,226281.0
182100.0,234952.0
500001.0,326028.07
137100.0,175166.0
95600.0,118884.0
240100.0,263297.04
41300.0,89537.0
209300.0,209800.0
59600.0,76452.0
126500.0,149377.0
182800.0,199855.01
138200.0,127988.0
163900.0,197907.0
135300.0,127825.0
142600.0,156238.0
337900.0,337510.06
281000.0,289030.1
500001.0,352098.12
110800.0,128556.0
162500.0,131395.0
500001.0,319534.01
237400.0,370038.15
244300.0,174553.0
329100.0,290346.0
58200.0,73669.0
95500.0,134501.03
216300.0,187846.0
153300.0,130086.0
144100.0,164266.0
250000.0,200283.0
260300.0,218606.0
412500.0,311066.03
332500.0,327003.0
217600.0,273630.0
66100.0,73854.0
264100.0,284312.0
116700.0,114298.0
142900.0,113809.0
190400.0,187138.0
170600.0,134315.0
52800.0,107384.0
137500.0,115436.01
161900.0,169178.0
329100.0,350685.02
91900.0,113152.0
250400.0,253466.01
55500.0,56177.97
297700.0,398172.33
481300.0,395494.18
188700.0,220196.0
148500.0,170532.0
147800.0,153649.0
281100.0,410713.22
154600.0,166609.0
167700.0,141842.0
112500.0,105064.99
500001.0,496991.97
89600.0,91694.0
262500.0,153377.0
225800.0,250196.0
248600.0,211850.0
72500.0,90429.0
52300.0,71983.0
158000.0,216922.0
258800.0,279589.02
191000.0,201441.0
112500.0,253103.13
81300.0,102279.0
185700.0,189458.0
225000.0,348266.1
146900.0,173889.0
158300.0,99283.0
63800.0,61269.99
280200.0,210195.0
132800.0,125952.0
196400.0,273732.02
362500.0,204713.03
276300.0,346492.11
72800.0,89460.99
500001.0,444095.64
186800.0,193821.0
61000.0,75776.0
500001.0,497662.97
207300.0,221836.0
69900.0,77473.0
258100.0,246581.0
225000.0,258586.02
270600.0,174322.0
202000.0,201878.0
158300.0,212813.0
92900.0,94835.0
225000.0,202497.0
216900.0,170858.0
231900.0,282131.0
82400.0,99621.0
330700.0,364479.13
185200.0,213728.0
156900.0,164165.0
90600.0,73492.0
170000.0,176789.0
180400.0,187941.0
87500.0,139152.0
98600.0,124082.0
136900.0,151536.0
90300.0,101392.0
72500.0,90124.92
89500.0,79038.0
140400.0,162804.01
234000.0,280453.03
212500.0,233866.01
203800.0,196369.0
273400.0,266240.0
500001.0,387878.27
113400.0,97470.0
243400.0,255650.0
92000.0,139952.0
275000.0,126735.01
193800.0,206221.04
114800.0,103379.0
202700.0,185534.0
295000.0,287787.02
211700.0,252570.01
311600.0,245654.0
185800.0,222374.01
140600.0,153231.0
81300.0,95894.0
500001.0,438428.5
211800.0,258064.0
171900.0,162181.0
176400.0,242145.02
289300.0,299419.03
220100.0,235836.01
153700.0,163500.0
355000.0,343613.1
201300.0,199198.0
275000.0,253151.01
155700.0,226390.01
93200.0,112754.0
131700.0,144844.0
227600.0,286453.0
163000.0,167957.0
112000.0,111241.0
302000.0,305254.02
173300.0,127813.0
73400.0,90799.0
500001.0,332752.07
187700.0,231102.0
194100.0,225726.01
344500.0,368672.02
152800.0,206099.0
156500.0,162288.0
250900.0,197917.0
127900.0,173775.0
500001.0,393270.36
55300.0,65273.0
500001.0,487343.85
121400.0,172084.0
169800.0,163596.0
275200.0,327546.0
71800.0,85146.0
145100.0,111903.0
173100.0,185085.0
326600.0,370364.02
100000.0,116227.0
181800.0,142321.0
163300.0,166833.0
95000.0,102443.0
200800.0,247799.01
123800.0,72340.0
342800.0,300499.0
127700.0,208968.0
348200.0,278327.0
94200.0,68112.0
422500.0,402860.08
474300.0,402808.05
279200.0,260103.0
141700.0,166677.0
276300.0,241877.0
268800.0,368474.17
92600.0,96928.0
97300.0,135488.0
92400.0,86344.0
233300.0,164741.0
299400.0,316158.07
117600.0,102180.0
108000.0,93947.0
250000.0,232219.0
162500.0,140456.0
363500.0,395656.23
93100.0,111757.0
262500.0,261280.0
93000.0,122602.0
200300.0,191470.0
120800.0,136992.0
218400.0,240781.01
500001.0,464550.38
348200.0,320392.0
97700.0,101070.0
343400.0,357229.12
169400.0,164439.0
165000.0,142336.0
387800.0,351374.25
229100.0,272107.04
158900.0,223325.0
343100.0,336818.0
168900.0,166255.0
380000.0,324281.01
390000.0,413918.05
256000.0,280127.09
269400.0,274734.0
141400.0,168467.0
210900.0,221612.0
417600.0,351358.06
107500.0,118489.0
250900.0,234009.01
218700.0,190403.0
500001.0,375553.02
237300.0,205221.0
252700.0,290493.01
45500.0,83092.0
143800.0,167706.0
492300.0,362226.03
134800.0,149678.0
500001.0,398092.26
156500.0,206454.0
269900.0,218086.0
65900.0,73191.0
180500.0,188911.0
400000.0,401283.04
93100.0,98308.0
308800.0,293982.0
72300.0,84092.0
228500.0,235309.0
195800.0,169178.0
137500.0,210211.06
86500.0,114717.0
225000.0,192876.0
257500.0,241568.0
146400.0,195085.05
216900.0,158180.0
68500.0,71910.0
134100.0,144624.0
71400.0,92004.0
134900.0,170655.0
98500.0,136942.0
199700.0,212727.0
196100.0,187665.0
94100.0,114438.0
220300.0,197308.0
253800.0,225662.0
110800.0,105859.0
401900.0,353463.22
150800.0,185265.0
152100.0,159738.0
500001.0,365705.16
422200.0,394497.13
113900.0,77132.0
125000.0,213735.02
208500.0,357131.04
129200.0,112869.0
144100.0,159085.01
75600.0,88726.0
500001.0,463226.58
100600.0,107050.0
106300.0,149554.0
192500.0,197808.0
115800.0,112279.0
500001.0,465690.65
156000.0,152469.01
81700.0,71201.0
500001.0,418408.5
118900.0,117176.0
295900.0,303317.03
185400.0,180418.0
500001.0,375760.12
309700.0,247036.01
65500.0,61315.0
500001.0,471141.58
181800.0,137871.0
119300.0,128879.0
164100.0,194368.0
156900.0,205596.0
340000.0,289966.05
261500.0,240344.05
229200.0,210445.0
116400.0,112214.0
60400.0,74398.0
444000.0,409721.25
96900.0,122933.0
139700.0,185788.0
87500.0,110177.0
241400.0,194331.0
154800.0,164137.0
362300.0,340867.02
310900.0,295012.01
256300.0,327839.02
167600.0,171197.0
272700.0,297698.0
128600.0,120990.0
284100.0,204861.01
345900.0,269842.01
345300.0,204377.0
210400.0,198929.0
116400.0,140598.0
330200.0,362337.06
206700.0,198009.0
195100.0,208611.0
202300.0,193840.01
143200.0,152761.0
208100.0,187740.0
65200.0,66510.0
181700.0,188962.0
450000.0,488589.87
244100.0,282635.02
133300.0,138634.0
287500.0,270884.07
59800.0,77677.0
109400.0,95285.0
363200.0,336024.04
158700.0,164243.0
175400.0,212015.0
93800.0,83378.0
306300.0,298449.04
363100.0,218338.0
209200.0,243391.0
51900.0,66991.0
82800.0,92550.0
500001.0,465280.62
174800.0,187802.01
160100.0,174605.0
225000.0,97622.0
67300.0,70877.0
97300.0,99098.0
500001.0,458895.54
318300.0,349879.12
48300.0,60962.0
220800.0,213966.0
162500.0,184758.02
144600.0,175795.0
432600.0,435306.31
225900.0,269039.0
155200.0,162395.0
95200.0,91218.0
284600.0,334997.07
108500.0,133205.0
75100.0,88220.0
121900.0,102743.0
54800.0,51161.0
106300.0,56468.0
143100.0,187507.0
229000.0,227013.0
47700.0,52937.0
256800.0,249552.0
239900.0,236006.0
114500.0,122930.0
147100.0,163352.0
241400.0,200556.0
240100.0,236602.0
177100.0,158471.0
189800.0,239293.0
184600.0,168476.0
129100.0,126726.0
181900.0,216553.05
134900.0,179007.0
87500.0,115487.02
191900.0,203450.0
397000.0,326078.08
88800.0,101956.0
183200.0,136623.0
93800.0,158386.0
277300.0,276748.0
128500.0,136030.0
92600.0,97936.0
115100.0,181245.1
123800.0,146252.0
330900.0,319750.04
178500.0,188327.0
195300.0,213385.0
262500.0,304200.03
94400.0,114370.0
310100.0,289653.01
500001.0,313132.02
46700.0,58071.0
183300.0,209661.19
54300.0,73284.94
450000.0,304632.06
320000.0,296673.01
188300.0,230432.0
117600.0,123475.0
138900.0,154281.0
93200.0,117067.0
174600.0,182570.0
160200.0,158252.0
132700.0,140289.0
262500.0,295010.01
108400.0,136995.0
76400.0,81406.0
56700.0,67531.0
191700.0,199091.0
181900.0,186696.0
105200.0,106590.0
93600.0,97758.0
453800.0,464979.6
123100.0,97079.0
252700.0,252157.0
117400.0,205142.01
290900.0,185401.0
226000.0,262267.0
146000.0,133702.0
110600.0,119290.0
294400.0,280935.05
98800.0,118020.0
212500.0,192712.0
139700.0,163477.0
279400.0,278047.01
337900.0,276473.0
292000.0,342586.04
39200.0,65078.99
190600.0,204419.0
329700.0,339889.0
59300.0,66503.0
242700.0,131849.0
92900.0,108474.0
128100.0,124949.0
127000.0,126591.0
242600.0,274407.04
275000.0,258002.11
383600.0,383799.1
317700.0,270476.01
239200.0,219901.0
241000.0,157001.0
96500.0,123899.0
349200.0,387941.11
104600.0,112060.0
237500.0,208798.0
144000.0,142835.0
84000.0,93466.0
272500.0,235392.01
195400.0,211496.0
262500.0,190299.01
100500.0,145162.0
242400.0,236353.0
98300.0,110359.0
463500.0,465649.49
126800.0,143815.0
187500.0,241208.02
146100.0,285909.0
370100.0,320716.03
191700.0,218639.0
157700.0,196279.0
500001.0,479685.78
500001.0,495580.94
155400.0,193634.0
335000.0,300421.05
135400.0,167970.01
312700.0,293361.02
300700.0,295804.0
71300.0,107539.0
295200.0,353795.03
71100.0,87329.0
325600.0,344482.01
89000.0,101705.0
373100.0,350780.13
356500.0,261554.01
215500.0,209375.0
81300.0,88974.0
138200.0,110667.0
82000.0,77637.0
150100.0,157070.0
70300.0,92352.0
91700.0,94176.98
78800.0,100403.0
157600.0,178825.0
270500.0,256762.01
185200.0,178612.0
237200.0,244567.0
410700.0,269875.03
83000.0,104096.0
223900.0,207881.0
102800.0,117534.0
171900.0,189393.0
321800.0,319177.02
72200.0,75931.0
165000.0,189346.0
341600.0,357039.07
115200.0,136398.0
77300.0,86234.0
154200.0,146190.0
500001.0,468923.57
173800.0,164057.0
136300.0,142786.0
122300.0,125269.0
164200.0,159757.0
454100.0,270630.06
98500.0,131404.0
382400.0,364173.07
281300.0,278322.05
220900.0,285683.02
153800.0,158988.0
500001.0,480468.72
122000.0,141893.0
76400.0,74223.0
208300.0,227495.0
114100.0,147626.0
500001.0,438691.24
423200.0,365405.17
172700.0,192893.01
63000.0,59572.0
161700.0,197445.0
73800.0,68202.0
162900.0,180697.0
120600.0,178556.0
116100.0,129886.0
101600.0,120875.0
252200.0,243303.0
290000.0,227676.01
112300.0,115784.0
54400.0,72235.0
67500.0,64809.0
442100.0,453743.32
341400.0,326004.0
80700.0,119280.0
103600.0,134311.0
101500.0,103842.0
67000.0,79746.0
333800.0,334997.05
105100.0,105762.0
197100.0,205355.0
112800.0,153495.0
190600.0,196513.0
62300.0,83934.0
122500.0,107951.0
118100.0,132616.0
473000.0,423277.26
186200.0,148079.0
163100.0,170666.0
55400.0,69623.0
131600.0,162647.0
62900.0,65369.0
122400.0,137839.0
390000.0,324506.06
500001.0,466989.71
159600.0,229073.0
134800.0,148028.0
257600.0,261601.0
342800.0,317672.02
220600.0,239642.01
144600.0,185946.0
429100.0,294327.09
60900.0,117180.0
87500.0,89511.0
231600.0,239089.0
130600.0,108025.0
238200.0,228695.0
340000.0,305366.01
186400.0,228426.04
279900.0,262378.0
192100.0,171027.0
133500.0,146392.0
250000.0,190987.04
165500.0,236862.01
308400.0,402361.1
500001.0,454458.56
233000.0,216238.02
231600.0,249875.07
190700.0,178849.0
113200.0,106176.0
91200.0,146574.0
315600.0,316379.0
128800.0,152994.0
400000.0,414311.18
488500.0,390079.27
346100.0,325903.0
137500.0,142593.0
93400.0,109092.0
204800.0,239354.0
347400.0,321445.01
162400.0,189073.0
142500.0,172985.02
225000.0,288472.03
274300.0,292718.0
134000.0,142028.0
156400.0,167450.0
101800.0,97417.0
145500.0,149655.0
202600.0,230930.0
289400.0,263834.07
273900.0,336680.02
165600.0,90311.0
374200.0,239155.0
122900.0,165826.01
192600.0,222606.0
52300.0,56456.0
154700.0,162764.0
90400.0,103440.0
201900.0,209064.0
407800.0,398301.17
500001.0,434501.35
417000.0,375036.02
95000.0,111909.0
123700.0,145732.0
307700.0,301721.0
146000.0,152598.0
350000.0,198903.0
244400.0,244287.0
242000.0,405624.3
500001.0,434710.33
128900.0,165972.0
251000.0,268293.02
324900.0,263741.02
54400.0,105685.0
60600.0,65194.0
69800.0,95291.0
500001.0,370136.21
50000.0,68207.0
103400.0,105302.0
100800.0,127502.0
124800.0,158308.0
106300.0,161569.0
213400.0,228049.01
284200.0,341821.1
385200.0,312755.02
127800.0,149931.0
286400.0,292141.04
302400.0,320583.0
96500.0,113651.0
144800.0,207401.0
367600.0,372749.03
340600.0,219058.01
222100.0,319671.05
431300.0,447824.13
403400.0,406585.03
500001.0,491933.85
89600.0,87133.0
75600.0,91941.0
201100.0,204271.0
69600.0,75227.0
346900.0,396489.22
80600.0,89136.0
350000.0,216987.01
110800.0,110288.0
399400.0,346370.23
60900.0,70642.0
257200.0,244626.01
158600.0,140722.0
255000.0,257990.03
148300.0,158843.0
87500.0,167920.0
133300.0,116415.0
158300.0,159525.0
83100.0,96055.0
220700.0,196670.0
442100.0,338666.09
165100.0,161985.0
234600.0,277155.01
76200.0,76005.0
123800.0,141399.0
500001.0,435932.22
220900.0,262215.05
145200.0,205497.0
365600.0,205711.0
275000.0,371167.06
95000.0,88389.0
286300.0,269708.0
212300.0,170531.0
67200.0,60737.0
242700.0,185021.0
161400.0,157085.0
227500.0,238511.0
186500.0,178333.03
118500.0,111677.0
225000.0,188120.0
255700.0,276865.01
110400.0,60659.0
213200.0,220340.0
210300.0,248277.0
352200.0,342344.03
75800.0,84901.0
151500.0,126853.0
86100.0,97430.0
158700.0,153754.0
140900.0,232444.01
298900.0,269895.07
203400.0,208145.0
97000.0,98456.0
267300.0,342295.11
251800.0,230192.0
78600.0,85262.0
233300.0,202354.0
167900.0,184493.0
318300.0,325555.0
256600.0,238472.0
176700.0,169300.0
211700.0,207855.0
130700.0,116567.0
96300.0,104468.0
107800.0,96135.0
120600.0,133409.0
451400.0,360764.09
113300.0,141772.0
143500.0,145998.0
374000.0,395657.07
350500.0,292250.0
500001.0,401468.22
500001.0,499872.99
332800.0,274540.0
62200.0,64391.0
222400.0,245784.0
51400.0,57511.0
161300.0,164034.0
55900.0,65011.0
144400.0,130088.0
377200.0,225686.0
164200.0,152284.0
91100.0,113447.0
221200.0,229927.0
340400.0,379319.09
193800.0,178700.0
143400.0,108357.0
175200.0,239077.0
147800.0,159600.0
173200.0,156972.0
163300.0,164308.0
53000.0,63027.0
108300.0,93101.0
228300.0,263614.01
143800.0,146827.0
189700.0,139225.0
90500.0,89633.0
247600.0,264091.01
172900.0,188184.0
63600.0,69721.0
181500.0,218137.0
125000.0,85852.0
73200.0,80910.0
58300.0,70710.0
218800.0,321130.08
145500.0,146214.0
220500.0,211680.0
284100.0,297675.04
186400.0,284023.0
218200.0,204287.0
231300.0,159148.0
500001.0,417636.31
276700.0,257859.01
150600.0,128218.0
95500.0,99582.0
153600.0,137653.01
103100.0,104809.0
175200.0,237622.0
156800.0,139482.0
252100.0,250166.0
414800.0,391784.14
196400.0,198250.0
173800.0,153022.0
216800.0,271960.0
500000.0,362996.27
226100.0,254648.03
293800.0,364761.08
163100.0,155885.0
360100.0,384289.14
350000.0,416873.21
117200.0,142618.0
135600.0,129011.0
161100.0,140418.0
128800.0,119131.0
500001.0,483365.57
86800.0,84598.0
128100.0,135917.0
265700.0,278865.0
218100.0,311086.07
158500.0,127522.0
225000.0,218591.0
155300.0,157408.0
390900.0,400818.14
264500.0,262661.0
58500.0,82893.0
64700.0,81533.0
242900.0,232212.02
441400.0,401167.15
183800.0,242009.0
288900.0,329175.04
70600.0,81416.0
185100.0,222555.0
274700.0,247854.01
93400.0,92010.0
152200.0,160352.0
120700.0,141222.0
84500.0,84103.0
175000.0,174610.0
120900.0,105506.0
396900.0,318703.05
250000.0,406247.18
193000.0,173496.0
142000.0,171950.0
80000.0,149127.02
243800.0,240102.05
85000.0,90361.0
42500.0,61839.0
162500.0,180836.0
181500.0,194463.0
135400.0,173851.0
95300.0,83463.0
137500.0,205284.02
166700.0,158522.0
388500.0,338771.07
500001.0,494884.89
216700.0,237370.01
161700.0,149114.0
451300.0,347839.04
116700.0,105480.0
221700.0,205471.0
237400.0,194052.0
316000.0,344359.01
78200.0,66355.0
153200.0,153092.0
117300.0,154107.0
73000.0,88857.0
164800.0,263891.0
110400.0,129177.0
200000.0,84843.0
89200.0,93447.0
65800.0,117777.03
181400.0,222468.0
99400.0,130978.0
225000.0,293065.04
186900.0,193102.0
307100.0,285215.0
86200.0,102694.0
195800.0,248122.0
88600.0,95137.0
67000.0,82437.0
118000.0,179081.0
289300.0,281172.02
137200.0,119818.0
162300.0,142243.0
75900.0,87387.0
276000.0,260017.0
245200.0,268538.0
177500.0,159633.0
159900.0,179905.01
100800.0,99616.0
90200.0,88559.0
116100.0,121202.0
351700.0,423415.43
87500.0,111356.0
94300.0,83108.0
235800.0,223870.05
190300.0,171478.0
238600.0,238225.0
316900.0,288141.05
366700.0,308724.0
500001.0,488532.77
132500.0,153894.0
274400.0,212223.0
366700.0,420732.33
375000.0,409279.26
186900.0,196509.0
206300.0,238217.01
87100.0,111016.0
176800.0,183799.0
180800.0,206637.0
126000.0,123762.0
234000.0,257688.0
100800.0,87172.0
70400.0,83869.0
217900.0,271846.01
320800.0,256779.0
151000.0,155095.0
214800.0,182872.02
184600.0,167008.0
120900.0,126957.0
94700.0,88194.0
249400.0,182591.0
112500.0,90671.0
270100.0,311793.0
184500.0,288897.21
118800.0,154824.0
500001.0,497756.94
295200.0,292004.02
275900.0,222956.0
174100.0,197481.0
187700.0,159674.0
67500.0,102506.02
379500.0,378686.2
235300.0,211247.0
95200.0,122218.0
108300.0,198874.01
324300.0,343514.0
71300.0,49857.0
213000.0,223588.01
171400.0,148668.0
230600.0,219902.0
112500.0,114327.0
158500.0,203729.0
128900.0,152995.0
208300.0,219380.0
94200.0,79675.0
284400.0,328152.04
83700.0,75656.0
162000.0,188390.01
131100.0,164492.0
403000.0,402839.14
420800.0,347354.07
54400.0,90052.0
500001.0,376421.14
442500.0,404222.17
313300.0,221585.01
50800.0,56840.0
168700.0,244269.0
106700.0,99725.0
88600.0,94096.0
190700.0,197215.0
450000.0,273179.33
187500.0,199043.0
53000.0,52070.0
155400.0,182924.0
156300.0,158570.0
135500.0,141332.0
350000.0,306190.01
232300.0,238554.0
239300.0,209796.0
353800.0,365462.05
330700.0,393372.22
450000.0,306411.03
105300.0,60395.98
479500.0,461041.33
84200.0,99199.0
354500.0,312417.11
79700.0,73067.0
147500.0,198825.02
188500.0,193964.0
500001.0,500001.0
157100.0,172142.0
240600.0,312120.01
326600.0,275661.0
121500.0,110397.0
282100.0,232250.0
221100.0,232225.01
191100.0,210769.0
143000.0,152170.01
129300.0,135093.0
253600.0,215296.05
91300.0,117675.0
252800.0,169877.0
208600.0,283247.01
142300.0,147422.0
93300.0,109214.0
381800.0,482876.63
221300.0,255548.0
500001.0,369496.11
153000.0,144528.0
49100.0,52811.0
460100.0,460348.53
150400.0,130558.0
165500.0,173711.0
500001.0,497700.93
57900.0,61609.0
220800.0,253960.01
170800.0,166775.0
234700.0,293138.0
260000.0,240999.0
178200.0,189631.0
98400.0,127441.0
212300.0,224340.0
184900.0,168014.0
206300.0,227898.01
65200.0,63888.0
103100.0,116844.0
360100.0,337603.01
98000.0,110685.0
174600.0,165408.0
98700.0,124383.0
272400.0,289318.0
153900.0,176933.0
175000.0,301444.04
182100.0,210699.0
311500.0,323668.03
155900.0,144659.0
67200.0,94290.0
170400.0,173800.0
162100.0,166173.0
85600.0,162147.0
118800.0,145696.0
162800.0,175534.0
247100.0,290245.07
113700.0,143517.0
132800.0,218088.0
117100.0,123263.0
172000.0,148072.0
200000.0,247734.0
89200.0,103618.0
47500.0,219190.0
80000.0,243550.28
194800.0,194797.0
320100.0,319968.05
461200.0,343163.06
205000.0,220992.02
77900.0,76725.0
316900.0,290879.0
219800.0,215203.0
196500.0,181971.0
193900.0,176461.0
358700.0,424190.13
121300.0,152671.0
192900.0,218047.0
369300.0,324810.03
230300.0,219180.0
500001.0,500001.0
216400.0,182657.0
71200.0,58026.0
350000.0,197608.0
153500.0,173679.0
88800.0,89469.0
146900.0,289758.03
200400.0,189032.0
209600.0,241854.0
137500.0,97570.0
212500.0,270545.0
239700.0,208297.0
259300.0,288025.0
275700.0,277957.0
331800.0,415811.08
225000.0,155725.0
450400.0,327293.03
163200.0,160320.0
124100.0,93074.0
213000.0,237046.0
406800.0,425953.38
405000.0,441715.47
500001.0,457623.63
60000.0,74733.0
259600.0,274803.02
193000.0,182524.0
500001.0,478558.82
163000.0,158625.0
150000.0,188532.0
117000.0,124536.0
213200.0,150821.0
75900.0,95185.0
55200.0,67678.0
405800.0,294141.05
85900.0,120013.0
167400.0,135037.0
220600.0,267524.02
232000.0,246608.04
83000.0,107604.0
273000.0,234158.0
66000.0,74670.0
165800.0,171288.0
289200.0,268947.0
224700.0,180250.0
266400.0,280531.05
320700.0,218215.0
213200.0,232053.0
72900.0,78259.0
172900.0,131148.0
178400.0,210740.0
101800.0,115668.0
271800.0,297755.0
45300.0,58525.0
192500.0,205318.0
152800.0,192395.0
132400.0,136862.01
351100.0,327774.03
166300.0,162945.0
155700.0,112856.0
188700.0,205607.0
500001.0,483831.77
103900.0,121389.0
180400.0,166276.0
225800.0,261261.0
153500.0,214284.0
141700.0,141979.0
143800.0,98846.0
84900.0,105560.0
271200.0,305284.0
84200.0,107038.0
386400.0,376174.03
174000.0,176906.0
146400.0,167063.0
146800.0,118569.0
168800.0,237738.0
166300.0,171087.0
71000.0,93514.0
42100.0,66993.0
191900.0,174110.0
500001.0,500001.0
123300.0,144648.0
281900.0,243652.0
123400.0,131428.0
239500.0,226008.0
196900.0,246301.01
157700.0,142021.0
360900.0,350017.02
160300.0,234032.01
383000.0,347319.05
125400.0,137762.0
227100.0,262120.0
148100.0,181147.0
101900.0,105671.0
148400.0,188163.0
129900.0,135110.0
189600.0,202305.0
239100.0,247742.0
17500.0,254023.08
229300.0,206198.0
165300.0,203224.0
119800.0,136824.0
135500.0,139572.0
52500.0,77117.0
121300.0,143912.0
224700.0,248452.0
84300.0,106933.0
432400.0,419390.29
147000.0,127590.0
137400.0,163465.0
269900.0,234043.0
122400.0,94927.0
118500.0,108566.0
108900.0,114123.0
309100.0,312711.01
90800.0,91886.0
106300.0,92099.0
333300.0,236866.01
61500.0,76980.0
218800.0,185920.0
176600.0,188979.0
86400.0,89571.0
130400.0,150276.0
164800.0,164509.0
160700.0,181338.0
500001.0,369224.13
142300.0,134534.0
60400.0,70151.0
170200.0,135831.0
416300.0,333219.02
137500.0,227622.01
121800.0,135172.0
318700.0,385089.07
182700.0,268437.01
97100.0,100595.0
164800.0,156620.0
500001.0,493431.82
86500.0,76807.0
163800.0,208412.0
421300.0,401051.03
450000.0,208731.0
126400.0,177836.0
363600.0,433034.47
362500.0,213082.01
200000.0,201710.0
171400.0,174322.0
275000.0,291846.05
213800.0,213425.01
227800.0,239218.01
500001.0,456265.59
179200.0,204236.0
213900.0,193670.0
272800.0,275137.0
123800.0,155039.0
86800.0,95102.0
91400.0,86379.0
153300.0,136226.0
186900.0,231510.06
168400.0,190651.0
96300.0,99352.0
214000.0,206477.0
100300.0,99542.0
169800.0,165391.0
98400.0,127108.0
500001.0,500001.0
199800.0,187195.0
177000.0,172280.0
255200.0,174630.0
131100.0,159854.0
173100.0,201484.04
87800.0,90135.0
214000.0,177827.0
364500.0,347997.01
181200.0,182433.0
224400.0,307605.07
74100.0,66614.0
101300.0,88070.0
129300.0,142061.0
72200.0,77925.0
132200.0,153711.0
148100.0,200151.01
166100.0,196845.0
137500.0,167283.0
60500.0,53602.0
337500.0,364825.02
222200.0,247334.0
333800.0,386580.11
118300.0,110592.0
289600.0,214175.05
226800.0,183755.0
85300.0,76965.0
145500.0,137823.0
319400.0,327149.1
98300.0,160188.0
37500.0,212443.04
325500.0,356256.25
122600.0,119019.0
296300.0,272502.0
179200.0,165704.0
324600.0,341531.01
316700.0,205512.0
299400.0,253732.0
333300.0,205830.01
158400.0,164092.0
500001.0,477894.57
369800.0,333399.06
213400.0,223473.0
246000.0,322641.08
169100.0,122928.0
322200.0,292649.01
145800.0,175195.0
204700.0,190163.0
196600.0,181735.0
59000.0,87557.0
102600.0,199016.0
128400.0,143453.0
162100.0,172993.0
353900.0,427902.45
102000.0,139844.0
190600.0,165629.0
60900.0,75146.0
350600.0,339298.0
338400.0,333633.02
261300.0,176133.02
157500.0,193294.0
143800.0,209283.02
352100.0,302823.02
163000.0,207513.0
82200.0,99980.0
197000.0,220132.0
92200.0,79497.0
198600.0,245916.01
111400.0,135895.0
325000.0,183678.0
93400.0,88478.0
160300.0,154304.0
500001.0,454549.59
500001.0,497422.92
500001.0,360551.13
113200.0,112136.0
204200.0,202059.0
61400.0,72042.0
212500.0,204777.0
184800.0,223049.05
435700.0,309755.04
143800.0,194241.01
263400.0,269039.02
148100.0,153482.0
156300.0,118676.0
230400.0,242815.01
500001.0,464775.66
137500.0,154925.0
153100.0,169846.0
92500.0,92552.0
135500.0,147424.0
121900.0,116850.0
273600.0,277532.0
158500.0,173237.0
257800.0,223936.01
412500.0,349733.09
128500.0,150778.0
406700.0,313307.0
231900.0,248906.0
279800.0,225415.02
252600.0,281718.0
186300.0,185807.0
209500.0,321542.01
125000.0,133020.0
195800.0,200853.0
281300.0,219713.0
212100.0,217085.0
310700.0,372988.17
101200.0,102133.0
140800.0,185550.0
248100.0,231432.0
129700.0,152474.0
223000.0,207678.0
146600.0,201216.04
128900.0,84399.0
71400.0,91472.0
327300.0,200067.01
51700.0,50080.0
174400.0,174230.0
169800.0,140401.0
138800.0,140316.0
270800.0,315431.15
187500.0,168403.07
84100.0,87044.0
212200.0,181280.0
95100.0,95563.0
261800.0,247764.0
239400.0,267931.02
73100.0,72632.0
219200.0,239697.01
368400.0,395627.12
127400.0,129308.0
190000.0,207924.03
179800.0,230900.0
212300.0,212067.0
130900.0,108310.0
127000.0,136848.01
84700.0,63225.0
98400.0,117194.0
500001.0,487458.7
114000.0,160780.0
112500.0,89393.0
151100.0,153955.0
133300.0,142492.04
152700.0,108272.0
170800.0,169519.0
500000.0,367656.19
106400.0,110105.0
346100.0,298288.06
56100.0,104801.0
107200.0,118175.0
131300.0,238988.19
212500.0,104386.0
161000.0,153829.0
290000.0,263766.0
143500.0,182203.0
225800.0,219085.0
290200.0,350490.07
107600.0,125286.0
151600.0,104240.0
121000.0,139889.0
215800.0,243927.0
77200.0,88096.0
167800.0,184551.0
277800.0,312602.01
470800.0,351865.05
77500.0,88567.0
320500.0,255529.0
87800.0,87057.0
72000.0,71072.0
150000.0,171058.0
72700.0,70376.0
177600.0,211268.0
164500.0,184365.0
82000.0,91830.0
111600.0,157801.0
237500.0,233792.04
32500.0,184593.04
71200.0,107387.0
79500.0,77240.0
203500.0,208606.0
91500.0,93619.0
67300.0,86960.0
91900.0,99467.0
118900.0,113971.0
214500.0,200391.0
268800.0,336010.05
48800.0,78895.0
65600.0,89097.0
158900.0,161486.0
255100.0,313979.0
500001.0,500001.0
110700.0,122807.0
256700.0,237802.0
180700.0,224140.0
290700.0,252911.0
90900.0,106106.0
310500.0,272978.0
97200.0,133145.0
157900.0,211425.01
230800.0,253779.03
281900.0,238970.0
229000.0,234177.0
83300.0,135107.0
500001.0,496190.87
173100.0,182722.0
242100.0,217257.0
94600.0,84557.0
72400.0,88023.0
244700.0,291143.03
280900.0,320914.01
54200.0,66250.0
139800.0,155968.0
298400.0,256336.0
174900.0,171511.01
115600.0,118676.0
130700.0,140655.0
104000.0,98849.0
500001.0,447063.64
257300.0,233958.0
106200.0,105382.0
150400.0,153626.0
184300.0,179116.0
58700.0,64667.0
176000.0,214822.0
146400.0,196442.0
75600.0,91306.0
215200.0,239127.02
58800.0,75961.0
260700.0,228531.0
184100.0,206725.0
122500.0,129563.0
287300.0,357358.05
267200.0,264817.0
350000.0,181681.0
226900.0,206353.0
191100.0,210408.0
108600.0,125791.0
455500.0,414198.15
158700.0,143741.0
73000.0,78856.0
60300.0,69594.0
77700.0,85255.0
142200.0,144970.0
175700.0,149797.0
198400.0,189437.0
307100.0,206028.0
57700.0,82784.0
211500.0,236343.0
120700.0,115204.0
100000.0,103668.0
91500.0,92198.0
125000.0,112488.0
288500.0,325991.04
177300.0,192325.01
239300.0,221889.0
82500.0,85866.0
90800.0,81125.0
59200.0,93644.0
218800.0,219734.0
218100.0,193508.0
288100.0,283553.04
434400.0,414473.35
161200.0,172624.0
55000.0,87805.0
53000.0,68917.0
133600.0,132642.0
135700.0,129671.0
65300.0,85338.0
70600.0,87623.0
146000.0,149016.0
131300.0,205948.0
425500.0,282448.02
500001.0,315508.02
198400.0,213834.0
404700.0,404861.04
72900.0,91315.0
480800.0,291670.0
282000.0,289744.03
332400.0,324977.01
342900.0,384355.02
312500.0,219525.04
173800.0,185748.0
155700.0,149707.0
164200.0,152711.0
367300.0,423349.08
124100.0,130556.0
248700.0,247706.0
115400.0,120666.0
500001.0,279233.18
281500.0,379516.3
63200.0,64490.0
189700.0,143373.0
269100.0,251037.01
263800.0,251205.01
326700.0,230722.0
208300.0,169303.0
313800.0,306037.08
142300.0,174039.0
77200.0,85864.0
67000.0,65907.0
102100.0,98011.0
112500.0,76098.0
86400.0,94149.0
109600.0,128331.0
314300.0,320988.01
264100.0,238682.0
153800.0,194338.0
159400.0,152651.0
136200.0,126232.0
455900.0,397446.21
439100.0,417570.25
103900.0,102620.0
78800.0,105968.0
310300.0,298132.02
251400.0,184405.0
475000.0,257582.03
182100.0,191286.01
161500.0,177374.0
94600.0,102849.0
333600.0,340080.01
208100.0,179367.0
196400.0,208709.0
284100.0,302252.06
59200.0,87374.0
241300.0,205639.0
126500.0,96376.0
103000.0,99008.0
142500.0,159331.0
166300.0,159102.0
60700.0,56384.0
175400.0,198194.0
112500.0,150333.0
133400.0,119486.0
124200.0,111796.0
105200.0,111699.0
129200.0,167022.0
143400.0,130614.0
117400.0,131255.0
500001.0,418026.29
217900.0,217615.0
300000.0,365686.02
332300.0,288033.0
230600.0,239205.0
174000.0,175973.0
181400.0,174678.0
278500.0,294929.0
295900.0,358932.16
313900.0,259891.0
308100.0,322916.03
164600.0,127474.0
101800.0,232106.0
189100.0,210313.0
192500.0,207017.0
225000.0,225509.01
333300.0,364663.11
96700.0,118673.0
102900.0,105155.0
238000.0,235069.01
197600.0,225427.0
183000.0,198770.0
300000.0,360298.13
117800.0,131055.0
281100.0,285814.0
130400.0,146922.0
167000.0,222362.06
386100.0,407910.17
94700.0,100780.0
179100.0,209671.0
283300.0,218417.0
300000.0,428576.41
179300.0,229582.02
320900.0,292355.05
289000.0,263640.0
94800.0,108673.0
232500.0,287303.04
344500.0,319808.04
273600.0,257118.0
209500.0,199964.0
269000.0,403726.2
250000.0,231109.0
63700.0,72890.0
150000.0,99253.0
452100.0,407295.06
133600.0,155919.0
152800.0,114662.99
230000.0,232524.0
137600.0,145609.0
387700.0,394532.21
364000.0,262334.01
67500.0,67273.0
500001.0,500001.0
122500.0,144524.0
133700.0,152534.0
82800.0,143097.0
212600.0,215568.0
500001.0,495051.94
139100.0,153324.0
378100.0,399832.24
105000.0,118049.0
88900.0,103634.0
98700.0,73803.0
485400.0,326477.03
300000.0,216392.0
500001.0,486167.8
234500.0,222853.0
234200.0,236380.0
333600.0,314558.01
400000.0,206673.01
250000.0,205510.0
219400.0,104389.0
297400.0,329882.01
52600.0,61837.0
144500.0,154273.0
500001.0,465822.54
127800.0,146985.0
500001.0,500001.0
55000.0,265642.39
132600.0,140373.0
92400.0,102429.0
118500.0,125634.0
132700.0,124109.0
90300.0,69511.0
188300.0,269918.05
134200.0,143192.0
312500.0,259936.03
180400.0,171767.0
155000.0,151712.0
94700.0,108221.0
198100.0,284860.0
167400.0,348162.22
310300.0,350336.03
222300.0,185349.0
88900.0,146879.0
500001.0,500001.0
241200.0,269899.01
333300.0,272173.11
286600.0,278729.02
230900.0,226671.0
239900.0,287473.02
68200.0,67383.0
333300.0,194156.03
134000.0,83930.0
46800.0,49099.0
81900.0,79644.0
369700.0,355283.12
166100.0,160696.0
48000.0,56235.0
170800.0,176845.0
104200.0,103096.01
132100.0,114546.0
305200.0,298720.01
500001.0,466761.52
223100.0,256541.09
231800.0,189068.0
133900.0,139461.0
90100.0,94443.0
307400.0,415013.24
124000.0,153410.0
320600.0,296718.0
178000.0,171715.0
179200.0,237710.03
284700.0,282397.01
476400.0,486272.84
202700.0,241621.01
103100.0,107179.0
65600.0,93405.0
207800.0,193307.0
500001.0,450478.41
176000.0,198609.0
93500.0,95704.0
301100.0,318165.03
203800.0,186356.0
345900.0,386171.52
162200.0,157254.0
430000.0,355201.04
222500.0,196358.0
155200.0,141175.0
272600.0,298405.02
287100.0,293073.03
399200.0,429229.24
141700.0,170523.0
325000.0,322404.06
55400.0,65248.0
252600.0,278856.0
143300.0,159741.01
177800.0,216601.0
209100.0,197262.0
291500.0,276719.0
131500.0,144277.0
162400.0,176739.02
55000.0,132801.0
325900.0,222937.0
439000.0,302907.0
331000.0,308635.02
214700.0,233769.0
162500.0,174670.03
186500.0,209055.0
187500.0,196446.0
283100.0,262120.0
257900.0,411321.21
197400.0,213908.0
268200.0,258031.0
213800.0,178522.0
176900.0,193529.0
154200.0,168568.0
191300.0,271755.0
500001.0,461556.45
81800.0,104398.0
71500.0,85444.0
87500.0,116994.01
73500.0,89111.0
460200.0,385937.4
223700.0,171101.0
156500.0,170853.0
121600.0,167630.0
209000.0,215741.01
251000.0,229951.0
500001.0,498774.97
53100.0,50609.0
105400.0,120862.0
175900.0,246340.0
166700.0,168375.0
165700.0,203695.0
435200.0,313121.0
210400.0,267415.01
255300.0,253620.05
350000.0,345483.02
86300.0,93667.0
151100.0,144808.0
81500.0,97472.0
143400.0,123396.0
93800.0,129053.0
212200.0,182546.0
483300.0,479320.73
167800.0,168303.0
378000.0,384342.02
187500.0,302991.19
202100.0,201860.0
138500.0,216336.01
91300.0,106584.0
218700.0,269608.0
136500.0,107083.0
450000.0,329030.07
162500.0,178848.0
207800.0,232162.0
190900.0,233802.0
425000.0,329776.01
72900.0,99184.0
214300.0,197853.0
136400.0,152336.0
111100.0,126666.0
71200.0,89290.0
347100.0,265360.05
285000.0,251182.0
108000.0,126803.0
160200.0,250208.0
146800.0,209723.0
177500.0,143409.0
190400.0,218596.02
459600.0,366320.08
128500.0,141890.0
65200.0,77547.0
132600.0,141383.0
124100.0,133564.0
68900.0,62417.0
235300.0,283403.0
209700.0,214125.0
190600.0,194760.0
57200.0,68426.0
279900.0,290985.0
500001.0,485991.32
284800.0,390445.15
258800.0,231073.01
260300.0,308834.0
271500.0,269736.0
220900.0,251747.01
320000.0,293574.01
120500.0,136289.0
161500.0,158837.0
310000.0,317588.0
195400.0,198963.04
72800.0,86914.0
213900.0,255495.0
112900.0,118962.0
97000.0,102969.0
312500.0,312659.04
179400.0,186919.0
80400.0,74564.0
194400.0,194904.0
230400.0,243645.0
254500.0,283942.03
125900.0,150586.0
375700.0,329733.0
266000.0,238939.0
260100.0,256733.0
500001.0,455096.51
375000.0,201348.05
164700.0,162634.0
116700.0,81705.0
266700.0,328145.07
120700.0,127862.0
202300.0,257298.0
233700.0,199716.0
66800.0,88204.0
183100.0,201585.0
100000.0,107879.0
500001.0,499305.99
120200.0,103164.0
183000.0,275117.0
159200.0,152561.01
190300.0,213522.0
87800.0,71247.0
73600.0,92108.01
158300.0,161510.0
123800.0,120217.0
293200.0,328382.02
105400.0,129533.0
122600.0,117552.0
84700.0,68809.99
94900.0,118299.0
183400.0,203524.0
50700.0,51620.0
112300.0,117115.0
122900.0,127003.0
144800.0,145954.0
90000.0,78483.0
137900.0,110166.0
85700.0,62848.0
322600.0,287848.04
218100.0,201448.0
321800.0,308367.06
141600.0,161858.0
229200.0,260384.01
500001.0,500001.0
115700.0,115918.0
145800.0,162890.0
282700.0,273870.0
332100.0,276861.0
83300.0,83577.0
118800.0,147423.0
302900.0,289607.01
236100.0,233900.0
120700.0,135086.0
166700.0,177157.0
197700.0,208690.0
232800.0,176317.0
82300.0,108417.0
166100.0,176320.0
81500.0,99263.0
212500.0,96852.0
350000.0,331834.03
143300.0,187257.01
353600.0,340224.01
218100.0,242985.0
137500.0,137176.0
143500.0,214536.0
135500.0,164205.0
341700.0,316810.11
112500.0,190458.0
500001.0,393439.56
199300.0,201218.01
287900.0,333084.09
338100.0,308452.09
67500.0,218509.01
500001.0,457370.3
123500.0,149440.0
98900.0,97704.0
500001.0,249346.0
396800.0,349568.0
70500.0,71124.0
178300.0,186750.02
165500.0,167887.0
133500.0,147756.0
212500.0,218995.0
187300.0,195651.0
236200.0,293020.02
130000.0,138652.0
222400.0,264382.03
253900.0,214757.0
343900.0,209612.0
179300.0,203832.0
288200.0,343721.05
108000.0,111512.0
127900.0,117663.0
162500.0,188808.0
224200.0,161861.0
237300.0,209505.0
305800.0,322085.16
223900.0,258110.0
175900.0,167320.0
296800.0,201478.03
131000.0,131353.0
240000.0,208354.0
108300.0,131958.0
89400.0,91282.0
229500.0,234770.0
67500.0,182375.06
273400.0,288635.08
500001.0,442438.32
328800.0,415050.4
71900.0,84220.0
325900.0,389580.12
219000.0,159482.0
194500.0,157831.02
170700.0,132713.0
277300.0,286229.02
88200.0,105296.0
255900.0,229614.0
177900.0,177462.0
299200.0,326420.0
272000.0,287388.0
280400.0,323335.03
169300.0,121932.0
287200.0,296671.02
301100.0,303191.03
125200.0,193643.01
156300.0,172149.0
62000.0,76244.0
173900.0,198801.0
375000.0,368045.2
197600.0,208899.0
133000.0,155469.0
235900.0,268752.0
136700.0,145518.0
207900.0,180420.0
256100.0,256013.0
273800.0,248749.03
216000.0,246350.0
89100.0,87676.0
118900.0,157653.0
166000.0,175551.0
204500.0,235531.0
218800.0,229474.01
255200.0,214822.0
95800.0,105987.01
159200.0,186006.0
77100.0,98252.0
184400.0,191568.0
500001.0,359206.05
500001.0,378548.19
190600.0,146940.0
135200.0,145699.0
87500.0,65506.95
101600.0,90346.0
97400.0,112451.0
79300.0,118488.0
228900.0,247579.01
57500.0,115237.0
105400.0,100635.0
201200.0,185253.0
204300.0,192689.0
76700.0,97653.0
156600.0,145694.0
139700.0,156544.0
176600.0,230115.0
286900.0,263044.0
381200.0,366879.1
69400.0,63488.0
166300.0,169757.0
381500.0,309523.18
218400.0,142270.0
61600.0,57372.0
280000.0,260472.06
187500.0,211740.01
174000.0,157914.0
173900.0,183308.0
63100.0,61403.0
109400.0,101282.0
105500.0,135762.0
401800.0,409263.03
143800.0,131034.0
121400.0,134597.0
139900.0,144425.0
224000.0,196832.0
121600.0,171762.0
163800.0,212976.0
116000.0,115560.0
132000.0,98641.0
272800.0,299371.02
199300.0,183733.0
419900.0,448001.29
253600.0,248709.02
353600.0,272422.02
119000.0,123303.0
196700.0,210305.0
243800.0,186884.0
50100.0,53699.0
187500.0,271045.08
370800.0,248988.02
500001.0,472653.39
154300.0,167929.0
298200.0,293193.0
303800.0,244460.0
217500.0,282969.04
73700.0,83874.0
85500.0,77609.99
248400.0,179062.0
104200.0,108545.0
138800.0,134137.0
182100.0,161058.0
135300.0,135084.0
450000.0,263635.01
222500.0,233297.02
220700.0,197681.0
189400.0,155647.0
251600.0,228857.0
239300.0,158095.04
307800.0,302693.03
332500.0,297354.0
500001.0,464901.75
140500.0,178733.0
260300.0,177196.0
370000.0,359130.05
328100.0,282832.01
90400.0,103057.0
225000.0,207141.0
97300.0,94570.0
171800.0,194049.0
115100.0,151824.0
215400.0,262664.0
139800.0,224144.14
126600.0,100065.0
67900.0,77577.0
184900.0,182665.0
339000.0,361879.03
500001.0,250623.21
336900.0,297095.0
58400.0,64801.0
104900.0,102533.0
61300.0,63803.0
117600.0,164284.0
167800.0,146270.0
174100.0,181985.0
500001.0,472844.49
65600.0,77666.0
500001.0,462501.23
252400.0,285219.11
87500.0,172444.0
193600.0,210208.0
358700.0,312661.0
202500.0,184785.0
218800.0,231692.0
126900.0,100954.0
162500.0,87717.0
225600.0,243808.0
46700.0,59964.0
159400.0,165735.0
275000.0,300206.1
70000.0,85389.0
88500.0,93425.0
180000.0,177500.0
206000.0,247972.01
191100.0,263127.05
143500.0,140454.0
76600.0,151360.0
500001.0,385718.33
75500.0,75961.0
395100.0,347501.06
64800.0,117317.0
148000.0,147408.0
63600.0,90729.0
235500.0,245919.0
456300.0,448254.45
97300.0,170126.0
181300.0,198094.0
218600.0,223280.0
79800.0,94088.0
286200.0,413243.19
167400.0,155212.0
62500.0,59256.0
287700.0,315716.0
122200.0,245882.02
373500.0,376425.11
43300.0,50945.0
265200.0,271535.0
113500.0,118471.0
158200.0,156243.0
95300.0,106394.0
119000.0,113146.0
245000.0,269090.0
141200.0,133446.0
307000.0,328942.05
98500.0,131598.0
375000.0,355162.27
186900.0,232927.0
173100.0,217304.0
285400.0,210613.0
201600.0,248692.02
67800.0,53026.0
187500.0,149396.0
246400.0,310268.03
85500.0,81135.0
244400.0,223035.01
54000.0,66938.0
198000.0,193560.0
275000.0,404165.03
178000.0,185545.0
201800.0,144209.0
74800.0,112959.0
240000.0,159844.0
500001.0,411610.34
366700.0,355315.03
145500.0,212345.0
154200.0,198574.0
99100.0,135639.0
245800.0,222970.04
331200.0,361195.06
139600.0,142901.0
298300.0,321537.02
360700.0,326715.12
86600.0,104460.0
316500.0,301736.01
85500.0,76994.0
104400.0,99573.0
95300.0,107221.0
87500.0,97240.0
204100.0,263633.07
63500.0,75476.0
246900.0,194227.0
285800.0,338384.03
146900.0,140637.0
156300.0,233732.01
57000.0,71333.0
353100.0,313750.05
112500.0,248157.01
500000.0,388012.31
143700.0,175344.0
63900.0,91155.0
81000.0,99578.0
118800.0,92886.0
94900.0,83100.0
314700.0,330037.0
189900.0,209649.0
270900.0,329727.1
120500.0,107355.0
201300.0,200614.0
285000.0,338782.03
74400.0,112296.0
200000.0,209574.0
335600.0,318287.05
397100.0,380844.11
334900.0,389404.16
211600.0,213021.0
82600.0,78051.0
142800.0,163818.0
215000.0,228600.0
184000.0,184287.0
130700.0,137376.0
287000.0,293037.05
290700.0,289322.0
210900.0,192252.0
139400.0,147935.0
129200.0,142403.0
446600.0,369311.07
77500.0,87105.0
171400.0,174535.0
340600.0,276384.01
223900.0,222701.0
140300.0,169483.0
304100.0,249051.0
96900.0,83223.98
132500.0,108171.0
138900.0,174184.02
137500.0,147000.0
155900.0,176631.0
99600.0,137581.01
137500.0,175567.0
244600.0,235237.0
160000.0,188838.0
166800.0,177421.01
251500.0,266339.03
94200.0,102287.0
282700.0,266754.0
242400.0,290758.0
140700.0,144183.0
269400.0,256478.0
47500.0,66607.0
222400.0,248089.0
119200.0,78434.0
127600.0,151575.0
116700.0,102031.0
121300.0,130728.0
70000.0,122020.0
267500.0,262071.0
229000.0,222818.0
500001.0,499758.99
137300.0,154915.0
500001.0,349881.03
189000.0,190581.0
178200.0,185387.0
98900.0,93509.0
270300.0,183019.0
342700.0,342662.09
267900.0,352880.14
266700.0,298804.02
80200.0,85652.0
182300.0,192209.0
156700.0,177843.0
116400.0,121110.0
364300.0,272811.0
124200.0,131662.0
290600.0,411166.1
90400.0,100761.0
325500.0,289414.0
229200.0,297780.0
199300.0,176446.0
326400.0,348780.09
456900.0,474921.53
258100.0,228117.0
162500.0,178648.1
111300.0,113255.0
254400.0,219185.0
123500.0,112997.0
500001.0,416347.2
140100.0,142915.0
162800.0,165063.0
200800.0,189343.0
205000.0,263351.04
337500.0,312133.09
88000.0,100356.0
496000.0,409066.18
79900.0,109649.0
71000.0,75433.0
182500.0,211639.01
156300.0,175329.0
105400.0,183084.0
129200.0,139290.0
113700.0,176168.0
226400.0,243502.0
225000.0,240942.0
229300.0,277473.0
197600.0,142636.0
500001.0,376458.18
275000.0,293315.02
181300.0,219519.0
130500.0,136121.0
93600.0,119475.0
446800.0,445254.34
215400.0,253299.01
87500.0,139037.0
318200.0,391437.09
200000.0,219479.0
275000.0,323150.1
133600.0,118307.0
123200.0,121908.0
107000.0,103077.0
217300.0,213647.01
221800.0,224175.0
63400.0,82471.0
210300.0,204053.0
121400.0,131849.0
125000.0,121146.0
193200.0,189222.0
172700.0,156662.0
141800.0,151357.0
184400.0,170336.0
267100.0,201810.0
252300.0,254954.0
356200.0,388265.0
500001.0,497863.94
225800.0,224414.0
500001.0,479787.47
146700.0,131314.0
410300.0,476966.81
175000.0,197504.0
110900.0,144327.0
298400.0,182186.0
218200.0,218956.0
332800.0,320383.07
100000.0,87425.0
500001.0,434337.29
244100.0,195147.0
208200.0,264997.0
57400.0,51272.0
140400.0,212503.01
141500.0,166042.0
145600.0,142010.0
293900.0,356379.11
210400.0,218321.0
252100.0,203045.0
500001.0,366825.1
190500.0,180249.0
188900.0,185063.0
268800.0,299133.02
84500.0,65080.0
144700.0,155112.0
312400.0,248523.0
126600.0,121836.0
81100.0,129494.0
105200.0,99261.0
315000.0,284108.01
235800.0,278425.02
170100.0,155858.0
94600.0,95083.0
158000.0,235372.02
61200.0,64746.0
500001.0,497369.97
297900.0,323424.04
254500.0,277610.04
40900.0,54177.0
334700.0,347368.06
233000.0,246395.0
127500.0,173526.04
67700.0,73420.0
227100.0,228871.0
242100.0,271252.02
118800.0,111228.0
98900.0,120929.0
158000.0,151079.0
500001.0,365492.16
200500.0,148043.0
288500.0,255375.0
71900.0,69878.0
500001.0,436589.63
500001.0,472751.6
270600.0,281463.03
134200.0,139757.0
166700.0,170410.0
192000.0,173123.0
181400.0,198466.0
105600.0,113060.0
106300.0,177992.06
67200.0,64477.0
240800.0,299331.03
132900.0,136964.0
319700.0,239830.01
352300.0,327026.01
158500.0,193040.0
190700.0,208098.0
81500.0,80414.0
69100.0,84673.0
189700.0,166924.0
314900.0,322386.07
238000.0,236838.0
221100.0,175546.0
138200.0,181415.0
155100.0,162471.0
142700.0,110222.0
299400.0,289143.0
157700.0,103008.0
170600.0,199625.0
100000.0,103410.0
162500.0,141350.0
265000.0,239596.0
252600.0,261548.0
112500.0,127155.0
161800.0,145681.0
150900.0,155328.0
48100.0,61208.93
121200.0,125008.0
500001.0,299578.11
259400.0,229065.0
293200.0,363499.04
367700.0,349985.11
186400.0,209233.0
266100.0,286998.0
73200.0,97688.0
191900.0,206355.0
150000.0,135194.0
133400.0,145330.0
158300.0,185116.0
48600.0,59529.91
275700.0,288579.08
92400.0,87421.0
152400.0,134069.0
206900.0,244790.0
213300.0,183798.0
248500.0,272094.0
356600.0,295395.03
500001.0,489215.41
98900.0,105566.0
240800.0,235832.0
469100.0,459442.56
93100.0,131083.0
207000.0,197565.0
156800.0,189670.0
216800.0,199124.0
343000.0,327319.02
264300.0,264936.0
223000.0,195443.0
312500.0,178360.01
79800.0,74632.0
150900.0,174951.01
500001.0,499705.98
76900.0,69444.0
187500.0,170116.0
173400.0,160282.0
249100.0,227047.0
91700.0,84068.0
152100.0,156455.01
309300.0,253162.0
155500.0,145213.0
316900.0,373606.01
425900.0,350868.02
388200.0,365483.12
69000.0,75084.0
174400.0,184418.0
239400.0,199100.0
368300.0,327950.0
136000.0,163816.0
192000.0,172012.0
126700.0,110454.0
319100.0,236408.0
365900.0,407950.14
321300.0,346428.05
182400.0,184543.0
72300.0,89314.0
193300.0,224540.0
84900.0,97811.99
411300.0,353210.08
210200.0,183256.0
347700.0,230196.0
158500.0,160023.04
198000.0,186621.0
164600.0,198400.05
187900.0,208206.0
64700.0,66529.0
138100.0,98155.0
279500.0,274900.0
93600.0,98128.0
131300.0,142307.0
158100.0,162199.0
161100.0,178077.0
271100.0,333625.0
81100.0,94205.0
116900.0,132540.0
198000.0,216682.0
114100.0,119848.0
436600.0,379992.07
397800.0,329175.0
175000.0,208523.0
71600.0,72615.0
62300.0,72703.0
130400.0,135276.0
300600.0,176402.0
466700.0,488572.8
246000.0,239379.0
55100.0,60040.0
133700.0,154268.0
53900.0,91780.0
163200.0,168820.0
141400.0,135392.0
216200.0,217468.0
142000.0,137507.0
500001.0,250744.03
213300.0,184116.0
160600.0,166339.0
174800.0,217433.01
244700.0,221869.01
173300.0,195300.0
93800.0,136388.0
450000.0,400127.17
335900.0,339209.05
122900.0,135477.0
289600.0,289709.0
171000.0,147824.0
238700.0,273410.0
350000.0,268937.05
124700.0,125858.0
172300.0,175187.0
87500.0,144711.0
158100.0,153102.0
277800.0,223098.0
174000.0,177707.0
368900.0,369726.11
120000.0,133434.0
283300.0,235888.0
88400.0,99637.0
255000.0,235548.1
343100.0,319445.07
451500.0,356184.01
89200.0,90366.0
91400.0,103056.0
288200.0,235412.0
329800.0,372246.19
500001.0,498933.94
62500.0,79908.0
222500.0,216397.0
105700.0,110189.0
130600.0,97184.0
96000.0,117968.0
183800.0,193101.0
110600.0,98444.0
182000.0,221030.0
112500.0,228415.03
65800.0,75918.0
102300.0,124644.0
173600.0,223901.0
273000.0,297494.0
225000.0,214514.0
276200.0,248270.0
233400.0,249663.01
500001.0,441788.22
433300.0,373705.28
350000.0,176603.0
274200.0,312017.0
270500.0,250377.0
69100.0,94268.0
107900.0,110813.0
81200.0,80676.99
83300.0,182572.0
192200.0,181625.0
111800.0,107917.0
141700.0,107964.0
118800.0,109752.0
85100.0,80220.0
218200.0,288850.01
394200.0,419496.01
127000.0,142899.0
58000.0,66691.0
288400.0,228340.01
105800.0,81561.0
345100.0,378007.09
294300.0,294737.0
171600.0,173648.0
75600.0,82952.0
60900.0,62397.0
189600.0,217211.0
189600.0,185793.0
228600.0,255517.0
90600.0,143053.0
151000.0,229754.0
137900.0,160385.0
154200.0,313629.34
162100.0,171725.0
136600.0,136981.0
237500.0,232098.0
131300.0,129851.01
147800.0,161349.0
114300.0,130490.0
183900.0,176758.0
236100.0,146654.0
61300.0,61382.0
198800.0,144845.0
339100.0,393665.15
197500.0,180012.0
500001.0,393185.05
81800.0,91822.0
242000.0,209633.03
261400.0,297700.0
238300.0,256887.0
322900.0,287291.01
152900.0,210136.05
146100.0,121323.0
240300.0,227576.01
190500.0,170739.0
211300.0,195911.0
177600.0,190738.0
39800.0,65362.98
219000.0,196767.0
218800.0,231160.07
240600.0,270913.0
161800.0,182929.0
233100.0,278168.01
241400.0,252878.0
88600.0,195116.0
195200.0,171395.0
400000.0,466595.64
174400.0,185747.0
67600.0,69338.0
500001.0,474025.61
51800.0,56794.0
259500.0,218269.0
136700.0,176335.0
500001.0,192052.03
231200.0,247494.0
179400.0,213212.0
114800.0,107056.0
195900.0,218885.0
274000.0,292736.0
112600.0,122205.0
118800.0,127980.0
102300.0,120952.0
257500.0,254055.0
170300.0,244354.0
327900.0,344819.11
154400.0,178765.0
500001.0,484095.7
372700.0,438975.33
83300.0,203262.1
170400.0,138003.0
190400.0,169763.0
196400.0,226569.09
243100.0,241914.02
400000.0,370293.14
265800.0,250008.0
185600.0,180814.0
94900.0,84858.0
500001.0,304960.06
365000.0,449310.46
348900.0,311774.0
250800.0,282427.0
225200.0,227270.0
204100.0,260176.0
210900.0,189061.0
72500.0,66532.0
476300.0,362448.19
306800.0,313919.0
405800.0,425558.19
185000.0,209917.0
158300.0,189395.06
159800.0,165584.0
161700.0,237190.0
271600.0,306670.04
306400.0,290521.0
500001.0,352968.1
134600.0,117106.0
112500.0,166326.0
212500.0,248045.0
272400.0,325499.05
98300.0,99935.0
107500.0,177685.0
142600.0,166271.0
181800.0,192733.01
153500.0,185565.0
427300.0,376801.07
313100.0,315248.0
241900.0,255009.0
176600.0,159471.0
159900.0,207877.0
137500.0,165004.0
98200.0,105443.0
166400.0,167970.0
301100.0,239439.0
100000.0,149612.0
129200.0,68482.0
75800.0,72073.0
235700.0,236036.0
101400.0,79663.0
281300.0,268951.0
175000.0,154867.0
144000.0,87638.0
311900.0,346967.05
266100.0,246949.02
292100.0,333129.17
226300.0,220727.0
99300.0,136546.0
133300.0,197975.0
362100.0,357119.09
149300.0,111352.0
161300.0,175952.0
63500.0,92224.0
130800.0,143761.0
364300.0,401835.12
305300.0,307627.02
131900.0,158482.0
158300.0,164261.0
138000.0,164787.0
94700.0,108520.0
155000.0,126487.0
325000.0,213177.01
172900.0,168632.0
398600.0,386482.19
441100.0,385859.22
287500.0,220247.01
372200.0,342698.0
159000.0,261286.05
203300.0,214600.0
159600.0,151018.0
141200.0,226332.0
67500.0,53861.0
187200.0,182016.0
202000.0,222314.0
162500.0,181702.0
407200.0,331178.06
218500.0,228875.01
193200.0,193628.0
236500.0,209203.0
180800.0,186300.0
160700.0,170270.0
197200.0,205373.0
261000.0,306226.03
121900.0,136724.0
118800.0,146346.0
95000.0,115049.0
158500.0,153967.0
169200.0,273045.01
187100.0,200702.0
104000.0,104461.0
140300.0,148119.0
217300.0,215170.0
156600.0,200205.0
140500.0,145869.0
127300.0,114681.0
266700.0,237772.0
216400.0,223020.0
353600.0,395072.15
71500.0,72635.0
159600.0,175821.0
298600.0,241819.0
112500.0,74194.0
187500.0,161078.0
115600.0,207725.01
179200.0,195651.0
159100.0,174631.0
308600.0,402243.07
135500.0,144196.0
176300.0,172932.0
143800.0,137444.0
148900.0,191168.0
188300.0,238252.0
112500.0,184555.0
216800.0,254677.0
109800.0,140044.0
156900.0,194367.0
185900.0,190931.0
200000.0,193864.0
112500.0,132089.0
67500.0,107472.0
275000.0,107845.0
96400.0,123006.0
103600.0,126678.0
274500.0,350115.29
495900.0,447614.48
79000.0,145225.0
300000.0,317678.04
126700.0,129915.0
162500.0,119808.0
87500.0,75002.0
141400.0,111625.0
202800.0,236466.0
285200.0,283465.0
458300.0,383198.15
180300.0,209726.0
376800.0,226826.03
61200.0,57961.0
110700.0,114625.0
174100.0,168476.0
158200.0,170761.0
101100.0,105301.0
67500.0,89448.0
379300.0,419663.12
335100.0,321338.05
436100.0,284409.01
294100.0,401770.22
197000.0,219089.0
83500.0,107670.0
267000.0,232402.0
134400.0,117238.0
179700.0,190351.0
319000.0,291548.0
154200.0,136297.0
193500.0,219606.0
158300.0,146179.0
245700.0,306790.03
162400.0,165207.01
161900.0,181640.0
79800.0,73959.0
269200.0,272726.0
218300.0,164343.0
212500.0,294982.06
235200.0,173857.0
209100.0,218982.0
286400.0,274212.0
500001.0,469833.8
246100.0,296312.03
182100.0,227032.01
188600.0,195439.0
72500.0,71605.0
198200.0,210611.0
380000.0,436180.34
114100.0,126534.0
58300.0,59360.0
465800.0,370201.05
328500.0,343673.0
191300.0,145465.0
72800.0,74320.0
54200.0,82302.0
56200.0,73309.0
146000.0,138483.0
500001.0,404673.18
163000.0,173455.0
201900.0,188600.0
416700.0,400116.07
189100.0,168030.0
367800.0,339485.01
350000.0,178441.0
86900.0,146951.0
405200.0,418465.27
155700.0,129911.0
91000.0,129952.0
500001.0,480157.76
203300.0,168671.0
47500.0,60859.0
162500.0,220918.0
177900.0,134720.0
93500.0,109465.0
203700.0,187581.0
137500.0,186287.0
319700.0,350510.04
157200.0,147639.0
500001.0,415775.17
75800.0,73615.0
170700.0,163850.0
141300.0,111014.0
263300.0,271059.0
111800.0,105259.0
299600.0,293582.03
224700.0,203434.0
199200.0,205722.0
40400.0,75196.0
55000.0,84794.0
213900.0,252236.0
116400.0,144986.0
191100.0,177852.02
500001.0,397545.2
137500.0,169264.02
412500.0,301291.01
195000.0,152568.0
500001.0,412643.39
148100.0,153287.0
310600.0,314704.04
350000.0,417755.24
275000.0,302234.0
93700.0,97870.0
137500.0,151309.0
248200.0,251982.01
178100.0,150587.0
156300.0,151527.0
69400.0,78478.0
80200.0,99151.0
58300.0,53931.0
107400.0,135526.0
169100.0,175111.0
295800.0,284292.0
149700.0,144767.0
113300.0,110566.0
87500.0,88653.0
101900.0,94711.0
267400.0,283657.0
211000.0,235496.0
349600.0,317931.03
469400.0,469347.66
392800.0,334880.02
97500.0,140611.0
87100.0,103066.0
169600.0,144065.0
183700.0,194122.0
166200.0,180056.0
324000.0,319512.01
60600.0,66048.0
314000.0,353753.0
240400.0,309720.02
99200.0,82568.0
124500.0,87393.0
275000.0,314330.0
143500.0,126843.0
49800.0,56446.0
75000.0,146709.0
427600.0,295298.0
63900.0,69391.0
500001.0,373686.09
290400.0,290075.0
175000.0,153995.0
105400.0,102726.0
500001.0,301181.02
55000.0,82277.0
49800.0,49293.0
160900.0,171305.0
80000.0,152353.0
73500.0,84602.0
144100.0,119975.0
145800.0,164388.0
290100.0,212289.0
147900.0,154548.0
183900.0,190222.0
177800.0,197684.01
213100.0,210361.0
178600.0,174191.0
223300.0,224623.0
82000.0,115477.0
216700.0,234237.01
500001.0,494852.89
250000.0,384253.1
169600.0,148885.0
188900.0,181776.0
334400.0,356697.08
271900.0,286003.0
500001.0,476120.71
164600.0,184989.0
500001.0,493396.85
475000.0,425085.44
128100.0,172752.0
450000.0,226161.0
246400.0,245566.02
221900.0,200462.0
500001.0,417108.23
117500.0,135634.0
69000.0,64589.0
369100.0,358665.0
375000.0,428499.07
130800.0,137294.0
330100.0,325183.04
200200.0,225844.0
202200.0,227020.01
98200.0,101382.0
500001.0,468311.36
65000.0,75504.0
303000.0,298526.04
451300.0,368778.04
347600.0,305067.0
248200.0,143440.0
194800.0,192443.0
202300.0,194120.0
189600.0,184611.0
80100.0,67103.0
150600.0,159373.0
158800.0,121553.0
155300.0,158977.0
150800.0,175532.0
51600.0,56876.0
320800.0,290351.06
261100.0,277938.01
329300.0,421196.45
214600.0,165519.0
59100.0,92663.0
158100.0,166659.0
231300.0,225241.0
47100.0,50289.0
375400.0,459395.57
114800.0,90341.0
76400.0,68230.0
280800.0,278384.0
138500.0,117402.0
147500.0,150536.0
500001.0,462730.47
426800.0,490673.9
220500.0,167088.0
182500.0,132945.0
65300.0,89836.0
87500.0,94429.0
68500.0,74384.0
95700.0,98997.0
241600.0,305822.05
428600.0,400824.01
159400.0,199173.0
481500.0,466162.21
178900.0,253908.0
157600.0,166703.0
408500.0,408926.21
308300.0,269764.01
164100.0,155499.0
500001.0,450680.37
87200.0,119525.0
500001.0,442737.4
60200.0,64626.0
138800.0,143852.0
234600.0,276806.03
100900.0,107537.0
67500.0,67040.0
213500.0,237841.0
277300.0,206462.0
229600.0,214950.0
78600.0,98272.0
59000.0,67850.0
323800.0,326289.02
96200.0,119728.0
417300.0,366293.12
300000.0,278140.11
500001.0,486210.67
96400.0,113404.0
190300.0,177949.0
156300.0,173480.0
175000.0,171583.0
123300.0,122481.0
308800.0,394189.18
301500.0,278016.0
219000.0,306944.04
91400.0,114324.0
273000.0,193675.0
184300.0,167875.0
83400.0,100259.0
207000.0,251471.0
86500.0,101603.0
500001.0,498828.98
80500.0,90742.0
198300.0,219728.02
98500.0,135923.0
189900.0,144486.0
325000.0,334067.03
62000.0,71671.0
160400.0,205386.0
79400.0,87409.0
325000.0,327166.06
293500.0,474989.55
76400.0,89730.0
130800.0,119163.0
331400.0,341488.07
82100.0,111700.0
326100.0,357534.03
262000.0,309127.02
229100.0,263428.01
243200.0,248411.0
94600.0,92675.0
214600.0,221034.0
500001.0,399939.16
216700.0,156142.0
125900.0,210821.0
95700.0,98506.0
190000.0,270183.0
178100.0,225345.0
72300.0,54902.0
212100.0,217789.0
160000.0,175072.0
185100.0,181776.0
130000.0,141121.0
178100.0,243495.0
278800.0,237644.01
311400.0,324428.02
99500.0,105297.0
260500.0,289190.02
500001.0,414873.35
129800.0,123600.0
117800.0,128398.0
87500.0,91836.0
296600.0,273488.0
197100.0,223314.0
85400.0,90491.0
111900.0,149834.01
115500.0,127676.0
200200.0,234484.0
142100.0,158000.0
417800.0,418920.34
133800.0,187210.0
275000.0,303636.13
93300.0,103462.0
185100.0,202116.0
275000.0,246952.04
243800.0,238556.05
334300.0,372547.04
229800.0,208736.0
70100.0,72326.0
163600.0,138606.0
147900.0,163336.0
143100.0,111441.0
144000.0,144865.0
91900.0,108202.0
492900.0,405392.14
500001.0,239313.08
123100.0,119676.0
240200.0,241039.0
217700.0,271579.02
181300.0,145988.0
141100.0,157033.0
105900.0,119188.0
84100.0,83200.0
153700.0,185525.0
146000.0,178321.0
345000.0,335071.09
218300.0,280678.0
70700.0,79853.0
292300.0,245805.0
270800.0,215679.01
102800.0,119805.0
97000.0,92965.0
281900.0,282493.0
161300.0,196541.0
264600.0,268174.0
79000.0,82499.0
133700.0,134815.0
250000.0,191453.0
162500.0,150195.0
326100.0,317069.02
341700.0,306032.0
230800.0,228976.0
159700.0,159155.0
125000.0,76927.0
49300.0,60681.0
472000.0,488935.83
180000.0,146774.0
233700.0,224653.01
282000.0,335157.01
56500.0,49810.0
71300.0,123651.0
363700.0,345533.09
104900.0,84002.0
42700.0,53479.0
358100.0,242600.0
231800.0,237638.0
141500.0,139447.0
68200.0,70524.0
229000.0,254367.02
105200.0,114939.0
194700.0,205472.0
47400.0,61316.0
236200.0,231332.0
107700.0,95681.0
123600.0,142292.0
315100.0,323509.0
298900.0,307108.04
291300.0,282248.0
162500.0,144929.0
279800.0,347543.18
181800.0,182739.0
255200.0,246560.0
329200.0,332822.01
420000.0,476703.7
241500.0,267014.01
91200.0,117012.0
92800.0,93725.0
242000.0,216140.0
275900.0,280029.0
127900.0,147552.0
137500.0,141272.0
320500.0,321571.04
25000.0,54427.0
500001.0,380765.08
139700.0,146408.0
500001.0,321806.04
229400.0,238136.0
149400.0,150308.0
258300.0,223639.0
161900.0,170777.0
364200.0,290340.0
103400.0,108294.0
137500.0,138727.0
264400.0,186699.0
196700.0,202687.01
151400.0,112445.0
296900.0,281254.01
176400.0,166897.0
100500.0,105688.0
137500.0,206304.2
312500.0,173898.01
106000.0,114064.0
398900.0,336698.04
337500.0,301136.05
329400.0,336858.02
302900.0,343666.06
53500.0,61010.0
96100.0,116654.0
352800.0,245538.0
256300.0,244805.0
286800.0,360323.03
275700.0,285608.0
341500.0,310117.01
247600.0,321812.09
175500.0,170733.0
244400.0,191604.0
167200.0,179262.0
219900.0,203739.0
225000.0,98429.0
88900.0,89643.0
329500.0,334018.02
231400.0,264362.04
128800.0,153262.0
222600.0,225929.01
240200.0,277787.0
46200.0,61873.0
136200.0,160330.0
275000.0,137801.0
309700.0,307370.02
217700.0,247499.03
162600.0,210363.01
238700.0,235524.0
145200.0,133822.0
470000.0,343853.09
190000.0,167761.0
181300.0,156769.0
169300.0,158894.0
339700.0,357089.03
157500.0,160959.0
173700.0,194074.0
165100.0,159658.0
500001.0,500001.0
162000.0,173808.0
104200.0,129415.01
221000.0,213381.0
410400.0,357175.02
94800.0,137066.0
139800.0,134130.0
48100.0,62800.0
85400.0,93113.01
385900.0,430766.19
404000.0,365607.1
100000.0,170193.0
216700.0,192552.0
254200.0,254403.01
187500.0,193826.0
144800.0,145739.0
118800.0,100814.0
113800.0,151944.0
172500.0,160186.0
133000.0,137744.0
80400.0,119665.01
84400.0,113758.0
83500.0,78228.0
334600.0,390519.07
214800.0,201791.0
321300.0,312047.0
181300.0,162174.0
214100.0,199785.0
149500.0,125265.0
173300.0,175447.0
223200.0,277400.0
255500.0,203231.0
193600.0,189918.0
140400.0,163722.0
243200.0,212900.0
187500.0,190401.0
175000.0,195002.0
274200.0,288179.01
113600.0,152860.0
127900.0,129822.0
66000.0,75873.0
287600.0,271720.0
264600.0,282236.0
81300.0,75174.0
114300.0,119854.0
264700.0,278337.08
74000.0,103388.0
70400.0,94881.0
272000.0,290963.01
209400.0,231459.02
189200.0,207332.0
286700.0,257678.0
500001.0,495362.94
140600.0,168709.0
87200.0,141620.0
274600.0,342229.01
340400.0,427588.4
164400.0,181159.0
135800.0,128300.0
265200.0,266268.02
192400.0,210868.0
185300.0,197217.0
354300.0,413084.19
284800.0,228976.01
262500.0,297543.0
417600.0,191228.0
329800.0,352901.05
213200.0,207684.0
128000.0,158344.04
104200.0,111925.0
243100.0,250374.01
177500.0,190962.0
129900.0,133087.0
145800.0,150746.0
67500.0,207718.08
287500.0,328366.02
375000.0,156103.0
208000.0,238711.0
240500.0,238781.0
86100.0,99514.0
152200.0,149436.0
137500.0,132996.0
89300.0,111478.0
224900.0,222733.0
102400.0,108214.0
175000.0,210049.0
75000.0,163132.0
500001.0,441178.35
207000.0,209522.0
151800.0,101794.0
137800.0,145287.0
98800.0,88943.0
148200.0,157499.01
112900.0,102555.0
109700.0,109348.0
299000.0,326469.0
210000.0,206526.0
156800.0,170190.0
386400.0,347774.03
215500.0,212368.0
285600.0,296374.0
93300.0,137464.0
273800.0,268444.0
176100.0,179279.0
277600.0,343726.05
53900.0,62676.0
390500.0,386671.26
367000.0,362789.1
377200.0,315972.06
431600.0,423326.19
298300.0,251886.0
96400.0,106443.0
112800.0,187387.01
74300.0,89160.0
141300.0,134359.0
231000.0,270896.0
125500.0,144953.0
141100.0,139026.0
493200.0,254892.03
140000.0,142937.0
183900.0,262987.0
311800.0,358666.09
260900.0,288962.01
99100.0,145625.03
485300.0,367595.16
179400.0,179272.0
286500.0,228289.0
293200.0,213819.0
91900.0,114374.0
125400.0,144386.0
102700.0,117082.0
117100.0,147818.0
216100.0,183167.0
152500.0,152924.0
365900.0,423542.13
375000.0,355916.01
162500.0,118252.0
250000.0,165274.0
252600.0,244390.0
14999.0,218466.0
240200.0,206568.0
191800.0,209580.0
208800.0,208847.01
378100.0,413675.17
118000.0,123374.0
96600.0,98182.0
238000.0,257176.0
211600.0,219883.0
352900.0,243658.0
103100.0,91275.0
151300.0,185599.0
55000.0,80365.0
87500.0,321732.11
212900.0,228736.02
251300.0,296810.07
320800.0,320613.12
126400.0,80631.0
114800.0,126002.0
50800.0,60529.0
106900.0,107032.0
146800.0,140292.0
500001.0,297592.01
179200.0,147429.0
166200.0,212363.0
217600.0,197418.0
150000.0,164289.05
148800.0,100120.0
216000.0,261026.0
175000.0,345224.08
75300.0,95677.0
271800.0,294989.01
54200.0,93003.0
225000.0,98065.0
283300.0,185107.02
242300.0,237003.0
382500.0,333137.07
191300.0,174729.0
259800.0,262072.03
115400.0,134615.0
156500.0,169807.0
169500.0,203137.0
104000.0,119068.0
300400.0,300679.0
155500.0,175474.0
73500.0,96331.0
254000.0,254665.02
285400.0,247227.0
213500.0,229586.0
129100.0,249842.08
194100.0,218439.01
379800.0,358662.02
465000.0,453868.56
119900.0,266108.12
257400.0,245959.0
93800.0,86230.0
108900.0,146140.0
109000.0,134313.0
269600.0,179128.0
222900.0,286850.03
286600.0,241778.0
67500.0,266400.06
111700.0,98478.0
182100.0,166116.0
72700.0,102439.0
112500.0,170977.0
134500.0,154562.0
112500.0,246471.01
22500.0,86022.0
196300.0,188601.0
182500.0,158716.0
261600.0,212312.0
58000.0,68255.0
205200.0,204943.0
500000.0,480306.73
227900.0,251494.0
248100.0,230469.0
195500.0,185591.0
500001.0,384192.27
107800.0,120066.0
328900.0,245476.01
239800.0,237193.0
156600.0,167845.0
66000.0,97736.0
282900.0,284216.0
255700.0,242854.0
175300.0,216742.0
114600.0,180440.0
281300.0,215675.0
350000.0,238459.04
242800.0,286602.03
191700.0,206884.0
204800.0,242146.01
336900.0,366031.06
243400.0,299318.0
168600.0,184773.0
429300.0,456546.55
165500.0,184298.0
162500.0,167950.06
438000.0,346689.16
500001.0,461951.57
293200.0,307421.04
352100.0,328310.0
332400.0,347232.3
218200.0,241529.01
287100.0,339968.07
30000.0,82366.0
253900.0,194770.0
292900.0,267566.02
240900.0,307275.01
138100.0,150019.0
105600.0,93028.0
242000.0,206586.0
66000.0,84541.0
43000.0,67246.0
132200.0,158763.0
138800.0,134014.0
228200.0,259234.07
274100.0,312873.01
92600.0,78870.0
63400.0,66517.0
194100.0,254841.01
335100.0,385265.14
155000.0,150434.0
420000.0,204232.02
292500.0,305982.0
225200.0,220752.0
115500.0,147912.0
154200.0,249348.08
162500.0,223723.0
281500.0,259276.0
96600.0,92327.0
129200.0,125789.0
162800.0,155279.0
161500.0,176234.0
130400.0,128270.0
173600.0,194905.0
140200.0,168162.0
147400.0,170045.01
162500.0,168166.0
131200.0,133127.0
197000.0,186824.0
137000.0,121974.0
300000.0,166816.0
161300.0,174926.0
165600.0,207631.01
90000.0,81091.0
371000.0,293582.01
500001.0,498720.96
67500.0,62707.0
232800.0,213277.0
249000.0,369988.02
91700.0,81662.0
110000.0,143286.0
118800.0,111034.0
293800.0,353892.17
335700.0,323048.09
215600.0,228211.0
